<?xml version="1.0" encoding="UTF-8"?>
<config xmlns="http://www.knime.org/2008/09/XMLConfig" xmlns:xsi="http://www.w3.org/2001/XMLSchema-instance" xsi:schemaLocation="http://www.knime.org/2008/09/XMLConfig http://www.knime.org/XMLConfig_2008_09.xsd" key="MiningSchema">
<config key="learning">
<entry key="array-size" type="xint" value="43"/>
<entry key="0" type="xstring" value="Col1"/>
<entry key="1" type="xstring" value="Col2"/>
<entry key="2" type="xstring" value="Col7"/>
<entry key="3" type="xstring" value="Col10"/>
<entry key="4" type="xstring" value="Col14"/>
<entry key="5" type="xstring" value="b_Col0"/>
<entry key="6" type="xstring" value="a_Col0"/>
<entry key="7" type="xstring" value="u_Col3"/>
<entry key="8" type="xstring" value="y_Col3"/>
<entry key="9" type="xstring" value="l_Col3"/>
<entry key="10" type="xstring" value="g_Col4"/>
<entry key="11" type="xstring" value="p_Col4"/>
<entry key="12" type="xstring" value="gg_Col4"/>
<entry key="13" type="xstring" value="w_Col5"/>
<entry key="14" type="xstring" value="q_Col5"/>
<entry key="15" type="xstring" value="m_Col5"/>
<entry key="16" type="xstring" value="r_Col5"/>
<entry key="17" type="xstring" value="cc_Col5"/>
<entry key="18" type="xstring" value="k_Col5"/>
<entry key="19" type="xstring" value="c_Col5"/>
<entry key="20" type="xstring" value="d_Col5"/>
<entry key="21" type="xstring" value="x_Col5"/>
<entry key="22" type="xstring" value="i_Col5"/>
<entry key="23" type="xstring" value="e_Col5"/>
<entry key="24" type="xstring" value="aa_Col5"/>
<entry key="25" type="xstring" value="ff_Col5"/>
<entry key="26" type="xstring" value="j_Col5"/>
<entry key="27" type="xstring" value="v_Col6"/>
<entry key="28" type="xstring" value="h_Col6"/>
<entry key="29" type="xstring" value="bb_Col6"/>
<entry key="30" type="xstring" value="ff_Col6"/>
<entry key="31" type="xstring" value="j_Col6"/>
<entry key="32" type="xstring" value="z_Col6"/>
<entry key="33" type="xstring" value="o_Col6"/>
<entry key="34" type="xstring" value="dd_Col6"/>
<entry key="35" type="xstring" value="n_Col6"/>
<entry key="36" type="xstring" value="t_Col8"/>
<entry key="37" type="xstring" value="f_Col8"/>
<entry key="38" type="xstring" value="t_Col9"/>
<entry key="39" type="xstring" value="f_Col9"/>
<entry key="40" type="xstring" value="g_Col12"/>
<entry key="41" type="xstring" value="s_Col12"/>
<entry key="42" type="xstring" value="p_Col12"/>
</config>
<config key="target">
<entry key="array-size" type="xint" value="1"/>
<entry key="0" type="xstring" value="Col15"/>
</config>
</config>
